run,mode,render_file,render_path,gt_path,render_mean,render_std,psnr,ssim_global
R1,train_conditioned,00000.png,G:\wl3dgs\3dgs_runs\gsw_strict_baseline_v2_repeated_30k_20260630\R1\self_Trackmobile_4650TM_Mobile_Railcar_Mover\train\ours_30000_train_conditioned\renders\00000.png,G:\wl3dgs\3dgs_runs\gsw_strict_baseline_v2_repeated_30k_20260630\R1\self_Trackmobile_4650TM_Mobile_Railcar_Mover\train\ours_30000_train_conditioned\gt\00000.png,0.43276724219322205,0.2878497838973999,16.849718119743347,0.8643498420715332
R1,train_conditioned,00001.png,G:\wl3dgs\3dgs_runs\gsw_strict_baseline_v2_repeated_30k_20260630\R1\self_Trackmobile_4650TM_Mobile_Railcar_Mover\train\ours_30000_train_conditioned\renders\00001.png,G:\wl3dgs\3dgs_runs\gsw_strict_baseline_v2_repeated_30k_20260630\R1\self_Trackmobile_4650TM_Mobile_Railcar_Mover\train\ours_30000_train_conditioned\gt\00001.png,0.4606519937515259,0.29674577713012695,16.89950997749165,0.8765163421630859
R1,train_conditioned,00002.png,G:\wl3dgs\3dgs_runs\gsw_strict_baseline_v2_repeated_30k_20260630\R1\self_Trackmobile_4650TM_Mobile_Railcar_Mover\train\ours_30000_train_conditioned\renders\00002.png,G:\wl3dgs\3dgs_runs\gsw_strict_baseline_v2_repeated_30k_20260630\R1\self_Trackmobile_4650TM_Mobile_Railcar_Mover\train\ours_30000_train_conditioned\gt\00002.png,0.463529109954834,0.2750246524810791,16.619025881542797,0.8480520248413086
R1,train_conditioned,00003.png,G:\wl3dgs\3dgs_runs\gsw_strict_baseline_v2_repeated_30k_20260630\R1\self_Trackmobile_4650TM_Mobile_Railcar_Mover\train\ours_30000_train_conditioned\renders\00003.png,G:\wl3dgs\3dgs_runs\gsw_strict_baseline_v2_repeated_30k_20260630\R1\self_Trackmobile_4650TM_Mobile_Railcar_Mover\train\ours_30000_train_conditioned\gt\00003.png,0.4661139249801636,0.27049148082733154,16.244498617867173,0.8298659920692444
R1,train_conditioned,00004.png,G:\wl3dgs\3dgs_runs\gsw_strict_baseline_v2_repeated_30k_20260630\R1\self_Trackmobile_4650TM_Mobile_Railcar_Mover\train\ours_30000_train_conditioned\renders\00004.png,G:\wl3dgs\3dgs_runs\gsw_strict_baseline_v2_repeated_30k_20260630\R1\self_Trackmobile_4650TM_Mobile_Railcar_Mover\train\ours_30000_train_conditioned\gt\00004.png,0.4597371816635132,0.2591949701309204,16.41258130280647,0.8193228840827942
R1,train_conditioned,00005.png,G:\wl3dgs\3dgs_runs\gsw_strict_baseline_v2_repeated_30k_20260630\R1\self_Trackmobile_4650TM_Mobile_Railcar_Mover\train\ours_30000_train_conditioned\renders\00005.png,G:\wl3dgs\3dgs_runs\gsw_strict_baseline_v2_repeated_30k_20260630\R1\self_Trackmobile_4650TM_Mobile_Railcar_Mover\train\ours_30000_train_conditioned\gt\00005.png,0.4460618793964386,0.25804004073143005,16.172088469849825,0.8063560128211975
R1,train_conditioned,00006.png,G:\wl3dgs\3dgs_runs\gsw_strict_baseline_v2_repeated_30k_20260630\R1\self_Trackmobile_4650TM_Mobile_Railcar_Mover\train\ours_30000_train_conditioned\renders\00006.png,G:\wl3dgs\3dgs_runs\gsw_strict_baseline_v2_repeated_30k_20260630\R1\self_Trackmobile_4650TM_Mobile_Railcar_Mover\train\ours_30000_train_conditioned\gt\00006.png,0.45421215891838074,0.25866973400115967,16.757220396215416,0.8255710005760193
R1,train_conditioned,00007.png,G:\wl3dgs\3dgs_runs\gsw_strict_baseline_v2_repeated_30k_20260630\R1\self_Trackmobile_4650TM_Mobile_Railcar_Mover\train\ours_30000_train_conditioned\renders\00007.png,G:\wl3dgs\3dgs_runs\gsw_strict_baseline_v2_repeated_30k_20260630\R1\self_Trackmobile_4650TM_Mobile_Railcar_Mover\train\ours_30000_train_conditioned\gt\00007.png,0.42253217101097107,0.2790472209453583,15.751870450519764,0.803139865398407
R1,train_conditioned,00008.png,G:\wl3dgs\3dgs_runs\gsw_strict_baseline_v2_repeated_30k_20260630\R1\self_Trackmobile_4650TM_Mobile_Railcar_Mover\train\ours_30000_train_conditioned\renders\00008.png,G:\wl3dgs\3dgs_runs\gsw_strict_baseline_v2_repeated_30k_20260630\R1\self_Trackmobile_4650TM_Mobile_Railcar_Mover\train\ours_30000_train_conditioned\gt\00008.png,0.44187337160110474,0.2861715257167816,15.927927930902353,0.8256388306617737
R1,train_conditioned,00009.png,G:\wl3dgs\3dgs_runs\gsw_strict_baseline_v2_repeated_30k_20260630\R1\self_Trackmobile_4650TM_Mobile_Railcar_Mover\train\ours_30000_train_conditioned\renders\00009.png,G:\wl3dgs\3dgs_runs\gsw_strict_baseline_v2_repeated_30k_20260630\R1\self_Trackmobile_4650TM_Mobile_Railcar_Mover\train\ours_30000_train_conditioned\gt\00009.png,0.46841657161712646,0.27320224046707153,17.56162716463464,0.8745973706245422
R1,train_conditioned,00010.png,G:\wl3dgs\3dgs_runs\gsw_strict_baseline_v2_repeated_30k_20260630\R1\self_Trackmobile_4650TM_Mobile_Railcar_Mover\train\ours_30000_train_conditioned\renders\00010.png,G:\wl3dgs\3dgs_runs\gsw_strict_baseline_v2_repeated_30k_20260630\R1\self_Trackmobile_4650TM_Mobile_Railcar_Mover\train\ours_30000_train_conditioned\gt\00010.png,0.45886051654815674,0.2664715051651001,17.8558657916042,0.8797460198402405
R1,train_conditioned,00011.png,G:\wl3dgs\3dgs_runs\gsw_strict_baseline_v2_repeated_30k_20260630\R1\self_Trackmobile_4650TM_Mobile_Railcar_Mover\train\ours_30000_train_conditioned\renders\00011.png,G:\wl3dgs\3dgs_runs\gsw_strict_baseline_v2_repeated_30k_20260630\R1\self_Trackmobile_4650TM_Mobile_Railcar_Mover\train\ours_30000_train_conditioned\gt\00011.png,0.45568785071372986,0.2803858518600464,16.256044735964032,0.8398914933204651
R1,train_conditioned,00012.png,G:\wl3dgs\3dgs_runs\gsw_strict_baseline_v2_repeated_30k_20260630\R1\self_Trackmobile_4650TM_Mobile_Railcar_Mover\train\ours_30000_train_conditioned\renders\00012.png,G:\wl3dgs\3dgs_runs\gsw_strict_baseline_v2_repeated_30k_20260630\R1\self_Trackmobile_4650TM_Mobile_Railcar_Mover\train\ours_30000_train_conditioned\gt\00012.png,0.4491805136203766,0.2837127149105072,16.55172698183461,0.8597626686096191
R1,train_intrinsic,00000.png,G:\wl3dgs\3dgs_runs\gsw_strict_baseline_v2_repeated_30k_20260630\R1\self_Trackmobile_4650TM_Mobile_Railcar_Mover\train\ours_30000\renders_intrinsic\00000.png,G:\wl3dgs\3dgs_runs\gsw_strict_baseline_v2_repeated_30k_20260630\R1\self_Trackmobile_4650TM_Mobile_Railcar_Mover\train\ours_30000_train_conditioned\gt\00000.png,0.42397400736808777,0.2758565843105316,16.64149326062846,0.8517796993255615
R1,train_intrinsic,00001.png,G:\wl3dgs\3dgs_runs\gsw_strict_baseline_v2_repeated_30k_20260630\R1\self_Trackmobile_4650TM_Mobile_Railcar_Mover\train\ours_30000\renders_intrinsic\00001.png,G:\wl3dgs\3dgs_runs\gsw_strict_baseline_v2_repeated_30k_20260630\R1\self_Trackmobile_4650TM_Mobile_Railcar_Mover\train\ours_30000_train_conditioned\gt\00001.png,0.4513522684574127,0.28732985258102417,16.651231003548666,0.8648247718811035
R1,train_intrinsic,00002.png,G:\wl3dgs\3dgs_runs\gsw_strict_baseline_v2_repeated_30k_20260630\R1\self_Trackmobile_4650TM_Mobile_Railcar_Mover\train\ours_30000\renders_intrinsic\00002.png,G:\wl3dgs\3dgs_runs\gsw_strict_baseline_v2_repeated_30k_20260630\R1\self_Trackmobile_4650TM_Mobile_Railcar_Mover\train\ours_30000_train_conditioned\gt\00002.png,0.4576212167739868,0.27004000544548035,16.275437606915478,0.8314919471740723
R1,train_intrinsic,00003.png,G:\wl3dgs\3dgs_runs\gsw_strict_baseline_v2_repeated_30k_20260630\R1\self_Trackmobile_4650TM_Mobile_Railcar_Mover\train\ours_30000\renders_intrinsic\00003.png,G:\wl3dgs\3dgs_runs\gsw_strict_baseline_v2_repeated_30k_20260630\R1\self_Trackmobile_4650TM_Mobile_Railcar_Mover\train\ours_30000_train_conditioned\gt\00003.png,0.4609200358390808,0.2633252441883087,16.190479963080435,0.8214943408966064
R1,train_intrinsic,00004.png,G:\wl3dgs\3dgs_runs\gsw_strict_baseline_v2_repeated_30k_20260630\R1\self_Trackmobile_4650TM_Mobile_Railcar_Mover\train\ours_30000\renders_intrinsic\00004.png,G:\wl3dgs\3dgs_runs\gsw_strict_baseline_v2_repeated_30k_20260630\R1\self_Trackmobile_4650TM_Mobile_Railcar_Mover\train\ours_30000_train_conditioned\gt\00004.png,0.45006951689720154,0.2528938055038452,16.189080085193236,0.8019137382507324
R1,train_intrinsic,00005.png,G:\wl3dgs\3dgs_runs\gsw_strict_baseline_v2_repeated_30k_20260630\R1\self_Trackmobile_4650TM_Mobile_Railcar_Mover\train\ours_30000\renders_intrinsic\00005.png,G:\wl3dgs\3dgs_runs\gsw_strict_baseline_v2_repeated_30k_20260630\R1\self_Trackmobile_4650TM_Mobile_Railcar_Mover\train\ours_30000_train_conditioned\gt\00005.png,0.4359356760978699,0.2524355351924896,15.749808130073713,0.7792837023735046
R1,train_intrinsic,00006.png,G:\wl3dgs\3dgs_runs\gsw_strict_baseline_v2_repeated_30k_20260630\R1\self_Trackmobile_4650TM_Mobile_Railcar_Mover\train\ours_30000\renders_intrinsic\00006.png,G:\wl3dgs\3dgs_runs\gsw_strict_baseline_v2_repeated_30k_20260630\R1\self_Trackmobile_4650TM_Mobile_Railcar_Mover\train\ours_30000_train_conditioned\gt\00006.png,0.4455884099006653,0.2480030655860901,16.73873648230704,0.8156847953796387
R1,train_intrinsic,00007.png,G:\wl3dgs\3dgs_runs\gsw_strict_baseline_v2_repeated_30k_20260630\R1\self_Trackmobile_4650TM_Mobile_Railcar_Mover\train\ours_30000\renders_intrinsic\00007.png,G:\wl3dgs\3dgs_runs\gsw_strict_baseline_v2_repeated_30k_20260630\R1\self_Trackmobile_4650TM_Mobile_Railcar_Mover\train\ours_30000_train_conditioned\gt\00007.png,0.4106578826904297,0.27075475454330444,15.514666031682744,0.7862126231193542
R1,train_intrinsic,00008.png,G:\wl3dgs\3dgs_runs\gsw_strict_baseline_v2_repeated_30k_20260630\R1\self_Trackmobile_4650TM_Mobile_Railcar_Mover\train\ours_30000\renders_intrinsic\00008.png,G:\wl3dgs\3dgs_runs\gsw_strict_baseline_v2_repeated_30k_20260630\R1\self_Trackmobile_4650TM_Mobile_Railcar_Mover\train\ours_30000_train_conditioned\gt\00008.png,0.4298964738845825,0.27597761154174805,15.891956243995995,0.8167300820350647
R1,train_intrinsic,00009.png,G:\wl3dgs\3dgs_runs\gsw_strict_baseline_v2_repeated_30k_20260630\R1\self_Trackmobile_4650TM_Mobile_Railcar_Mover\train\ours_30000\renders_intrinsic\00009.png,G:\wl3dgs\3dgs_runs\gsw_strict_baseline_v2_repeated_30k_20260630\R1\self_Trackmobile_4650TM_Mobile_Railcar_Mover\train\ours_30000_train_conditioned\gt\00009.png,0.4543107748031616,0.26929664611816406,17.661555055366673,0.8739258646965027
R1,train_intrinsic,00010.png,G:\wl3dgs\3dgs_runs\gsw_strict_baseline_v2_repeated_30k_20260630\R1\self_Trackmobile_4650TM_Mobile_Railcar_Mover\train\ours_30000\renders_intrinsic\00010.png,G:\wl3dgs\3dgs_runs\gsw_strict_baseline_v2_repeated_30k_20260630\R1\self_Trackmobile_4650TM_Mobile_Railcar_Mover\train\ours_30000_train_conditioned\gt\00010.png,0.44803375005722046,0.25944647192955017,17.645932250805515,0.8690798878669739
R1,train_intrinsic,00011.png,G:\wl3dgs\3dgs_runs\gsw_strict_baseline_v2_repeated_30k_20260630\R1\self_Trackmobile_4650TM_Mobile_Railcar_Mover\train\ours_30000\renders_intrinsic\00011.png,G:\wl3dgs\3dgs_runs\gsw_strict_baseline_v2_repeated_30k_20260630\R1\self_Trackmobile_4650TM_Mobile_Railcar_Mover\train\ours_30000_train_conditioned\gt\00011.png,0.4380982220172882,0.27175191044807434,16.201017234474087,0.8317830562591553
R1,train_intrinsic,00012.png,G:\wl3dgs\3dgs_runs\gsw_strict_baseline_v2_repeated_30k_20260630\R1\self_Trackmobile_4650TM_Mobile_Railcar_Mover\train\ours_30000\renders_intrinsic\00012.png,G:\wl3dgs\3dgs_runs\gsw_strict_baseline_v2_repeated_30k_20260630\R1\self_Trackmobile_4650TM_Mobile_Railcar_Mover\train\ours_30000_train_conditioned\gt\00012.png,0.42932701110839844,0.27519747614860535,15.868291420834932,0.8331517577171326
R2,train_conditioned,00000.png,G:\wl3dgs\3dgs_runs\gsw_strict_baseline_v2_repeated_30k_20260630\R2\self_Trackmobile_4650TM_Mobile_Railcar_Mover\train\ours_30000_train_conditioned\renders\00000.png,G:\wl3dgs\3dgs_runs\gsw_strict_baseline_v2_repeated_30k_20260630\R2\self_Trackmobile_4650TM_Mobile_Railcar_Mover\train\ours_30000_train_conditioned\gt\00000.png,0.4208522439002991,0.27917006611824036,17.918675578014216,0.8910930752754211
R2,train_conditioned,00001.png,G:\wl3dgs\3dgs_runs\gsw_strict_baseline_v2_repeated_30k_20260630\R2\self_Trackmobile_4650TM_Mobile_Railcar_Mover\train\ours_30000_train_conditioned\renders\00001.png,G:\wl3dgs\3dgs_runs\gsw_strict_baseline_v2_repeated_30k_20260630\R2\self_Trackmobile_4650TM_Mobile_Railcar_Mover\train\ours_30000_train_conditioned\gt\00001.png,0.446576863527298,0.2906460464000702,17.406608541876146,0.8879201412200928
R2,train_conditioned,00002.png,G:\wl3dgs\3dgs_runs\gsw_strict_baseline_v2_repeated_30k_20260630\R2\self_Trackmobile_4650TM_Mobile_Railcar_Mover\train\ours_30000_train_conditioned\renders\00002.png,G:\wl3dgs\3dgs_runs\gsw_strict_baseline_v2_repeated_30k_20260630\R2\self_Trackmobile_4650TM_Mobile_Railcar_Mover\train\ours_30000_train_conditioned\gt\00002.png,0.45077407360076904,0.26882079243659973,16.831384290433753,0.8503217697143555
R2,train_conditioned,00003.png,G:\wl3dgs\3dgs_runs\gsw_strict_baseline_v2_repeated_30k_20260630\R2\self_Trackmobile_4650TM_Mobile_Railcar_Mover\train\ours_30000_train_conditioned\renders\00003.png,G:\wl3dgs\3dgs_runs\gsw_strict_baseline_v2_repeated_30k_20260630\R2\self_Trackmobile_4650TM_Mobile_Railcar_Mover\train\ours_30000_train_conditioned\gt\00003.png,0.4556097984313965,0.2603760063648224,16.660672654143948,0.836718738079071
R2,train_conditioned,00004.png,G:\wl3dgs\3dgs_runs\gsw_strict_baseline_v2_repeated_30k_20260630\R2\self_Trackmobile_4650TM_Mobile_Railcar_Mover\train\ours_30000_train_conditioned\renders\00004.png,G:\wl3dgs\3dgs_runs\gsw_strict_baseline_v2_repeated_30k_20260630\R2\self_Trackmobile_4650TM_Mobile_Railcar_Mover\train\ours_30000_train_conditioned\gt\00004.png,0.4534406065940857,0.25710445642471313,16.26217840891156,0.8091573715209961
R2,train_conditioned,00005.png,G:\wl3dgs\3dgs_runs\gsw_strict_baseline_v2_repeated_30k_20260630\R2\self_Trackmobile_4650TM_Mobile_Railcar_Mover\train\ours_30000_train_conditioned\renders\00005.png,G:\wl3dgs\3dgs_runs\gsw_strict_baseline_v2_repeated_30k_20260630\R2\self_Trackmobile_4650TM_Mobile_Railcar_Mover\train\ours_30000_train_conditioned\gt\00005.png,0.44346314668655396,0.2547416388988495,15.726983169513622,0.7813746333122253
R2,train_conditioned,00006.png,G:\wl3dgs\3dgs_runs\gsw_strict_baseline_v2_repeated_30k_20260630\R2\self_Trackmobile_4650TM_Mobile_Railcar_Mover\train\ours_30000_train_conditioned\renders\00006.png,G:\wl3dgs\3dgs_runs\gsw_strict_baseline_v2_repeated_30k_20260630\R2\self_Trackmobile_4650TM_Mobile_Railcar_Mover\train\ours_30000_train_conditioned\gt\00006.png,0.4631028473377228,0.24901050329208374,16.37746321168428,0.8021162152290344
R2,train_conditioned,00007.png,G:\wl3dgs\3dgs_runs\gsw_strict_baseline_v2_repeated_30k_20260630\R2\self_Trackmobile_4650TM_Mobile_Railcar_Mover\train\ours_30000_train_conditioned\renders\00007.png,G:\wl3dgs\3dgs_runs\gsw_strict_baseline_v2_repeated_30k_20260630\R2\self_Trackmobile_4650TM_Mobile_Railcar_Mover\train\ours_30000_train_conditioned\gt\00007.png,0.43409520387649536,0.26482510566711426,16.294956410972368,0.8154327273368835
R2,train_conditioned,00008.png,G:\wl3dgs\3dgs_runs\gsw_strict_baseline_v2_repeated_30k_20260630\R2\self_Trackmobile_4650TM_Mobile_Railcar_Mover\train\ours_30000_train_conditioned\renders\00008.png,G:\wl3dgs\3dgs_runs\gsw_strict_baseline_v2_repeated_30k_20260630\R2\self_Trackmobile_4650TM_Mobile_Railcar_Mover\train\ours_30000_train_conditioned\gt\00008.png,0.43639758229255676,0.2790873348712921,16.29251748463018,0.834301769733429
R2,train_conditioned,00009.png,G:\wl3dgs\3dgs_runs\gsw_strict_baseline_v2_repeated_30k_20260630\R2\self_Trackmobile_4650TM_Mobile_Railcar_Mover\train\ours_30000_train_conditioned\renders\00009.png,G:\wl3dgs\3dgs_runs\gsw_strict_baseline_v2_repeated_30k_20260630\R2\self_Trackmobile_4650TM_Mobile_Railcar_Mover\train\ours_30000_train_conditioned\gt\00009.png,0.45066896080970764,0.27484214305877686,17.747548274490857,0.8793936371803284
R2,train_conditioned,00010.png,G:\wl3dgs\3dgs_runs\gsw_strict_baseline_v2_repeated_30k_20260630\R2\self_Trackmobile_4650TM_Mobile_Railcar_Mover\train\ours_30000_train_conditioned\renders\00010.png,G:\wl3dgs\3dgs_runs\gsw_strict_baseline_v2_repeated_30k_20260630\R2\self_Trackmobile_4650TM_Mobile_Railcar_Mover\train\ours_30000_train_conditioned\gt\00010.png,0.4402897357940674,0.26491066813468933,18.58676849823563,0.897472083568573
R2,train_conditioned,00011.png,G:\wl3dgs\3dgs_runs\gsw_strict_baseline_v2_repeated_30k_20260630\R2\self_Trackmobile_4650TM_Mobile_Railcar_Mover\train\ours_30000_train_conditioned\renders\00011.png,G:\wl3dgs\3dgs_runs\gsw_strict_baseline_v2_repeated_30k_20260630\R2\self_Trackmobile_4650TM_Mobile_Railcar_Mover\train\ours_30000_train_conditioned\gt\00011.png,0.4433032274246216,0.2680189907550812,18.136822430220107,0.8912613987922668
R2,train_conditioned,00012.png,G:\wl3dgs\3dgs_runs\gsw_strict_baseline_v2_repeated_30k_20260630\R2\self_Trackmobile_4650TM_Mobile_Railcar_Mover\train\ours_30000_train_conditioned\renders\00012.png,G:\wl3dgs\3dgs_runs\gsw_strict_baseline_v2_repeated_30k_20260630\R2\self_Trackmobile_4650TM_Mobile_Railcar_Mover\train\ours_30000_train_conditioned\gt\00012.png,0.4339408278465271,0.2763969302177429,17.183332621205214,0.8777500987052917
R2,train_intrinsic,00000.png,G:\wl3dgs\3dgs_runs\gsw_strict_baseline_v2_repeated_30k_20260630\R2\self_Trackmobile_4650TM_Mobile_Railcar_Mover\train\ours_30000\renders_intrinsic\00000.png,G:\wl3dgs\3dgs_runs\gsw_strict_baseline_v2_repeated_30k_20260630\R2\self_Trackmobile_4650TM_Mobile_Railcar_Mover\train\ours_30000_train_conditioned\gt\00000.png,0.41730594635009766,0.2755473852157593,17.63967891283741,0.8829990029335022
R2,train_intrinsic,00001.png,G:\wl3dgs\3dgs_runs\gsw_strict_baseline_v2_repeated_30k_20260630\R2\self_Trackmobile_4650TM_Mobile_Railcar_Mover\train\ours_30000\renders_intrinsic\00001.png,G:\wl3dgs\3dgs_runs\gsw_strict_baseline_v2_repeated_30k_20260630\R2\self_Trackmobile_4650TM_Mobile_Railcar_Mover\train\ours_30000_train_conditioned\gt\00001.png,0.44282981753349304,0.2850264012813568,16.975655468277964,0.8743033409118652
R2,train_intrinsic,00002.png,G:\wl3dgs\3dgs_runs\gsw_strict_baseline_v2_repeated_30k_20260630\R2\self_Trackmobile_4650TM_Mobile_Railcar_Mover\train\ours_30000\renders_intrinsic\00002.png,G:\wl3dgs\3dgs_runs\gsw_strict_baseline_v2_repeated_30k_20260630\R2\self_Trackmobile_4650TM_Mobile_Railcar_Mover\train\ours_30000_train_conditioned\gt\00002.png,0.4525006115436554,0.2674001455307007,16.43950007320855,0.8356836438179016
R2,train_intrinsic,00003.png,G:\wl3dgs\3dgs_runs\gsw_strict_baseline_v2_repeated_30k_20260630\R2\self_Trackmobile_4650TM_Mobile_Railcar_Mover\train\ours_30000\renders_intrinsic\00003.png,G:\wl3dgs\3dgs_runs\gsw_strict_baseline_v2_repeated_30k_20260630\R2\self_Trackmobile_4650TM_Mobile_Railcar_Mover\train\ours_30000_train_conditioned\gt\00003.png,0.4613696038722992,0.26207366585731506,16.00477098565306,0.8131530284881592
R2,train_intrinsic,00004.png,G:\wl3dgs\3dgs_runs\gsw_strict_baseline_v2_repeated_30k_20260630\R2\self_Trackmobile_4650TM_Mobile_Railcar_Mover\train\ours_30000\renders_intrinsic\00004.png,G:\wl3dgs\3dgs_runs\gsw_strict_baseline_v2_repeated_30k_20260630\R2\self_Trackmobile_4650TM_Mobile_Railcar_Mover\train\ours_30000_train_conditioned\gt\00004.png,0.4508061110973358,0.25597789883613586,15.972890664763327,0.794542133808136
R2,train_intrinsic,00005.png,G:\wl3dgs\3dgs_runs\gsw_strict_baseline_v2_repeated_30k_20260630\R2\self_Trackmobile_4650TM_Mobile_Railcar_Mover\train\ours_30000\renders_intrinsic\00005.png,G:\wl3dgs\3dgs_runs\gsw_strict_baseline_v2_repeated_30k_20260630\R2\self_Trackmobile_4650TM_Mobile_Railcar_Mover\train\ours_30000_train_conditioned\gt\00005.png,0.4407907724380493,0.2549781799316406,15.371356203184375,0.7627837061882019
R2,train_intrinsic,00006.png,G:\wl3dgs\3dgs_runs\gsw_strict_baseline_v2_repeated_30k_20260630\R2\self_Trackmobile_4650TM_Mobile_Railcar_Mover\train\ours_30000\renders_intrinsic\00006.png,G:\wl3dgs\3dgs_runs\gsw_strict_baseline_v2_repeated_30k_20260630\R2\self_Trackmobile_4650TM_Mobile_Railcar_Mover\train\ours_30000_train_conditioned\gt\00006.png,0.4623377323150635,0.24509872496128082,16.279096222934694,0.7934684157371521
R2,train_intrinsic,00007.png,G:\wl3dgs\3dgs_runs\gsw_strict_baseline_v2_repeated_30k_20260630\R2\self_Trackmobile_4650TM_Mobile_Railcar_Mover\train\ours_30000\renders_intrinsic\00007.png,G:\wl3dgs\3dgs_runs\gsw_strict_baseline_v2_repeated_30k_20260630\R2\self_Trackmobile_4650TM_Mobile_Railcar_Mover\train\ours_30000_train_conditioned\gt\00007.png,0.4343391954898834,0.25873562693595886,16.219483805535543,0.807455837726593
R2,train_intrinsic,00008.png,G:\wl3dgs\3dgs_runs\gsw_strict_baseline_v2_repeated_30k_20260630\R2\self_Trackmobile_4650TM_Mobile_Railcar_Mover\train\ours_30000\renders_intrinsic\00008.png,G:\wl3dgs\3dgs_runs\gsw_strict_baseline_v2_repeated_30k_20260630\R2\self_Trackmobile_4650TM_Mobile_Railcar_Mover\train\ours_30000_train_conditioned\gt\00008.png,0.43393832445144653,0.2704751491546631,16.264866307351966,0.8274579048156738
R2,train_intrinsic,00009.png,G:\wl3dgs\3dgs_runs\gsw_strict_baseline_v2_repeated_30k_20260630\R2\self_Trackmobile_4650TM_Mobile_Railcar_Mover\train\ours_30000\renders_intrinsic\00009.png,G:\wl3dgs\3dgs_runs\gsw_strict_baseline_v2_repeated_30k_20260630\R2\self_Trackmobile_4650TM_Mobile_Railcar_Mover\train\ours_30000_train_conditioned\gt\00009.png,0.4476715624332428,0.2727687954902649,17.63027356844248,0.875
R2,train_intrinsic,00010.png,G:\wl3dgs\3dgs_runs\gsw_strict_baseline_v2_repeated_30k_20260630\R2\self_Trackmobile_4650TM_Mobile_Railcar_Mover\train\ours_30000\renders_intrinsic\00010.png,G:\wl3dgs\3dgs_runs\gsw_strict_baseline_v2_repeated_30k_20260630\R2\self_Trackmobile_4650TM_Mobile_Railcar_Mover\train\ours_30000_train_conditioned\gt\00010.png,0.43421855568885803,0.26468127965927124,18.30254233197293,0.8910033106803894
R2,train_intrinsic,00011.png,G:\wl3dgs\3dgs_runs\gsw_strict_baseline_v2_repeated_30k_20260630\R2\self_Trackmobile_4650TM_Mobile_Railcar_Mover\train\ours_30000\renders_intrinsic\00011.png,G:\wl3dgs\3dgs_runs\gsw_strict_baseline_v2_repeated_30k_20260630\R2\self_Trackmobile_4650TM_Mobile_Railcar_Mover\train\ours_30000_train_conditioned\gt\00011.png,0.44225913286209106,0.26282933354377747,17.729021938686977,0.8779263496398926
R2,train_intrinsic,00012.png,G:\wl3dgs\3dgs_runs\gsw_strict_baseline_v2_repeated_30k_20260630\R2\self_Trackmobile_4650TM_Mobile_Railcar_Mover\train\ours_30000\renders_intrinsic\00012.png,G:\wl3dgs\3dgs_runs\gsw_strict_baseline_v2_repeated_30k_20260630\R2\self_Trackmobile_4650TM_Mobile_Railcar_Mover\train\ours_30000_train_conditioned\gt\00012.png,0.4305762052536011,0.26899459958076477,16.625096965919557,0.8572704195976257
R3,train_conditioned,00000.png,G:\wl3dgs\3dgs_runs\gsw_strict_baseline_v2_repeated_30k_20260630\R3\self_Trackmobile_4650TM_Mobile_Railcar_Mover\train\ours_30000_train_conditioned\renders\00000.png,G:\wl3dgs\3dgs_runs\gsw_strict_baseline_v2_repeated_30k_20260630\R3\self_Trackmobile_4650TM_Mobile_Railcar_Mover\train\ours_30000_train_conditioned\gt\00000.png,0.42500582337379456,0.2834567129611969,17.371459855913727,0.878693163394928
R3,train_conditioned,00001.png,G:\wl3dgs\3dgs_runs\gsw_strict_baseline_v2_repeated_30k_20260630\R3\self_Trackmobile_4650TM_Mobile_Railcar_Mover\train\ours_30000_train_conditioned\renders\00001.png,G:\wl3dgs\3dgs_runs\gsw_strict_baseline_v2_repeated_30k_20260630\R3\self_Trackmobile_4650TM_Mobile_Railcar_Mover\train\ours_30000_train_conditioned\gt\00001.png,0.4642390310764313,0.28964415192604065,17.405110632765787,0.8873538970947266
R3,train_conditioned,00002.png,G:\wl3dgs\3dgs_runs\gsw_strict_baseline_v2_repeated_30k_20260630\R3\self_Trackmobile_4650TM_Mobile_Railcar_Mover\train\ours_30000_train_conditioned\renders\00002.png,G:\wl3dgs\3dgs_runs\gsw_strict_baseline_v2_repeated_30k_20260630\R3\self_Trackmobile_4650TM_Mobile_Railcar_Mover\train\ours_30000_train_conditioned\gt\00002.png,0.46255892515182495,0.27005428075790405,16.923750500351783,0.8558656573295593
R3,train_conditioned,00003.png,G:\wl3dgs\3dgs_runs\gsw_strict_baseline_v2_repeated_30k_20260630\R3\self_Trackmobile_4650TM_Mobile_Railcar_Mover\train\ours_30000_train_conditioned\renders\00003.png,G:\wl3dgs\3dgs_runs\gsw_strict_baseline_v2_repeated_30k_20260630\R3\self_Trackmobile_4650TM_Mobile_Railcar_Mover\train\ours_30000_train_conditioned\gt\00003.png,0.46795380115509033,0.26892364025115967,16.125548529825096,0.8247341513633728
R3,train_conditioned,00004.png,G:\wl3dgs\3dgs_runs\gsw_strict_baseline_v2_repeated_30k_20260630\R3\self_Trackmobile_4650TM_Mobile_Railcar_Mover\train\ours_30000_train_conditioned\renders\00004.png,G:\wl3dgs\3dgs_runs\gsw_strict_baseline_v2_repeated_30k_20260630\R3\self_Trackmobile_4650TM_Mobile_Railcar_Mover\train\ours_30000_train_conditioned\gt\00004.png,0.462313175201416,0.2651152014732361,15.735298039634682,0.7955697178840637
R3,train_conditioned,00005.png,G:\wl3dgs\3dgs_runs\gsw_strict_baseline_v2_repeated_30k_20260630\R3\self_Trackmobile_4650TM_Mobile_Railcar_Mover\train\ours_30000_train_conditioned\renders\00005.png,G:\wl3dgs\3dgs_runs\gsw_strict_baseline_v2_repeated_30k_20260630\R3\self_Trackmobile_4650TM_Mobile_Railcar_Mover\train\ours_30000_train_conditioned\gt\00005.png,0.4590127170085907,0.2643527388572693,15.23484342428687,0.7712085247039795
R3,train_conditioned,00006.png,G:\wl3dgs\3dgs_runs\gsw_strict_baseline_v2_repeated_30k_20260630\R3\self_Trackmobile_4650TM_Mobile_Railcar_Mover\train\ours_30000_train_conditioned\renders\00006.png,G:\wl3dgs\3dgs_runs\gsw_strict_baseline_v2_repeated_30k_20260630\R3\self_Trackmobile_4650TM_Mobile_Railcar_Mover\train\ours_30000_train_conditioned\gt\00006.png,0.469674676656723,0.2579241096973419,16.254655326084805,0.8083102107048035
R3,train_conditioned,00007.png,G:\wl3dgs\3dgs_runs\gsw_strict_baseline_v2_repeated_30k_20260630\R3\self_Trackmobile_4650TM_Mobile_Railcar_Mover\train\ours_30000_train_conditioned\renders\00007.png,G:\wl3dgs\3dgs_runs\gsw_strict_baseline_v2_repeated_30k_20260630\R3\self_Trackmobile_4650TM_Mobile_Railcar_Mover\train\ours_30000_train_conditioned\gt\00007.png,0.44386616349220276,0.27788683772087097,15.137371855469596,0.7728866934776306
R3,train_conditioned,00008.png,G:\wl3dgs\3dgs_runs\gsw_strict_baseline_v2_repeated_30k_20260630\R3\self_Trackmobile_4650TM_Mobile_Railcar_Mover\train\ours_30000_train_conditioned\renders\00008.png,G:\wl3dgs\3dgs_runs\gsw_strict_baseline_v2_repeated_30k_20260630\R3\self_Trackmobile_4650TM_Mobile_Railcar_Mover\train\ours_30000_train_conditioned\gt\00008.png,0.454013854265213,0.29070761799812317,15.83750400467113,0.8253987431526184
R3,train_conditioned,00009.png,G:\wl3dgs\3dgs_runs\gsw_strict_baseline_v2_repeated_30k_20260630\R3\self_Trackmobile_4650TM_Mobile_Railcar_Mover\train\ours_30000_train_conditioned\renders\00009.png,G:\wl3dgs\3dgs_runs\gsw_strict_baseline_v2_repeated_30k_20260630\R3\self_Trackmobile_4650TM_Mobile_Railcar_Mover\train\ours_30000_train_conditioned\gt\00009.png,0.4677150249481201,0.2767374813556671,17.601702720245246,0.8775478005409241
R3,train_conditioned,00010.png,G:\wl3dgs\3dgs_runs\gsw_strict_baseline_v2_repeated_30k_20260630\R3\self_Trackmobile_4650TM_Mobile_Railcar_Mover\train\ours_30000_train_conditioned\renders\00010.png,G:\wl3dgs\3dgs_runs\gsw_strict_baseline_v2_repeated_30k_20260630\R3\self_Trackmobile_4650TM_Mobile_Railcar_Mover\train\ours_30000_train_conditioned\gt\00010.png,0.4466395080089569,0.27149492502212524,18.037380394741845,0.8863522410392761
R3,train_conditioned,00011.png,G:\wl3dgs\3dgs_runs\gsw_strict_baseline_v2_repeated_30k_20260630\R3\self_Trackmobile_4650TM_Mobile_Railcar_Mover\train\ours_30000_train_conditioned\renders\00011.png,G:\wl3dgs\3dgs_runs\gsw_strict_baseline_v2_repeated_30k_20260630\R3\self_Trackmobile_4650TM_Mobile_Railcar_Mover\train\ours_30000_train_conditioned\gt\00011.png,0.4460255205631256,0.2768081724643707,17.323746240424708,0.8729519844055176
R3,train_conditioned,00012.png,G:\wl3dgs\3dgs_runs\gsw_strict_baseline_v2_repeated_30k_20260630\R3\self_Trackmobile_4650TM_Mobile_Railcar_Mover\train\ours_30000_train_conditioned\renders\00012.png,G:\wl3dgs\3dgs_runs\gsw_strict_baseline_v2_repeated_30k_20260630\R3\self_Trackmobile_4650TM_Mobile_Railcar_Mover\train\ours_30000_train_conditioned\gt\00012.png,0.43018874526023865,0.2914649248123169,16.110549714901786,0.8516752123832703
R3,train_intrinsic,00000.png,G:\wl3dgs\3dgs_runs\gsw_strict_baseline_v2_repeated_30k_20260630\R3\self_Trackmobile_4650TM_Mobile_Railcar_Mover\train\ours_30000\renders_intrinsic\00000.png,G:\wl3dgs\3dgs_runs\gsw_strict_baseline_v2_repeated_30k_20260630\R3\self_Trackmobile_4650TM_Mobile_Railcar_Mover\train\ours_30000_train_conditioned\gt\00000.png,0.41506677865982056,0.2788962423801422,17.113491208419266,0.87042635679245
R3,train_intrinsic,00001.png,G:\wl3dgs\3dgs_runs\gsw_strict_baseline_v2_repeated_30k_20260630\R3\self_Trackmobile_4650TM_Mobile_Railcar_Mover\train\ours_30000\renders_intrinsic\00001.png,G:\wl3dgs\3dgs_runs\gsw_strict_baseline_v2_repeated_30k_20260630\R3\self_Trackmobile_4650TM_Mobile_Railcar_Mover\train\ours_30000_train_conditioned\gt\00001.png,0.454252153635025,0.2801955044269562,17.0799695493531,0.8744412064552307
R3,train_intrinsic,00002.png,G:\wl3dgs\3dgs_runs\gsw_strict_baseline_v2_repeated_30k_20260630\R3\self_Trackmobile_4650TM_Mobile_Railcar_Mover\train\ours_30000\renders_intrinsic\00002.png,G:\wl3dgs\3dgs_runs\gsw_strict_baseline_v2_repeated_30k_20260630\R3\self_Trackmobile_4650TM_Mobile_Railcar_Mover\train\ours_30000_train_conditioned\gt\00002.png,0.4554937183856964,0.2662738263607025,16.337357521991613,0.8318352699279785
R3,train_intrinsic,00003.png,G:\wl3dgs\3dgs_runs\gsw_strict_baseline_v2_repeated_30k_20260630\R3\self_Trackmobile_4650TM_Mobile_Railcar_Mover\train\ours_30000\renders_intrinsic\00003.png,G:\wl3dgs\3dgs_runs\gsw_strict_baseline_v2_repeated_30k_20260630\R3\self_Trackmobile_4650TM_Mobile_Railcar_Mover\train\ours_30000_train_conditioned\gt\00003.png,0.45830821990966797,0.26166146993637085,16.190867944689266,0.8204891681671143
R3,train_intrinsic,00004.png,G:\wl3dgs\3dgs_runs\gsw_strict_baseline_v2_repeated_30k_20260630\R3\self_Trackmobile_4650TM_Mobile_Railcar_Mover\train\ours_30000\renders_intrinsic\00004.png,G:\wl3dgs\3dgs_runs\gsw_strict_baseline_v2_repeated_30k_20260630\R3\self_Trackmobile_4650TM_Mobile_Railcar_Mover\train\ours_30000_train_conditioned\gt\00004.png,0.4454231560230255,0.25299057364463806,16.112835651906533,0.798719584941864
R3,train_intrinsic,00005.png,G:\wl3dgs\3dgs_runs\gsw_strict_baseline_v2_repeated_30k_20260630\R3\self_Trackmobile_4650TM_Mobile_Railcar_Mover\train\ours_30000\renders_intrinsic\00005.png,G:\wl3dgs\3dgs_runs\gsw_strict_baseline_v2_repeated_30k_20260630\R3\self_Trackmobile_4650TM_Mobile_Railcar_Mover\train\ours_30000_train_conditioned\gt\00005.png,0.43397778272628784,0.2506544291973114,15.666050683772566,0.7744202017784119
R3,train_intrinsic,00006.png,G:\wl3dgs\3dgs_runs\gsw_strict_baseline_v2_repeated_30k_20260630\R3\self_Trackmobile_4650TM_Mobile_Railcar_Mover\train\ours_30000\renders_intrinsic\00006.png,G:\wl3dgs\3dgs_runs\gsw_strict_baseline_v2_repeated_30k_20260630\R3\self_Trackmobile_4650TM_Mobile_Railcar_Mover\train\ours_30000_train_conditioned\gt\00006.png,0.4476583003997803,0.2458590269088745,16.48011401012085,0.8043829798698425
R3,train_intrinsic,00007.png,G:\wl3dgs\3dgs_runs\gsw_strict_baseline_v2_repeated_30k_20260630\R3\self_Trackmobile_4650TM_Mobile_Railcar_Mover\train\ours_30000\renders_intrinsic\00007.png,G:\wl3dgs\3dgs_runs\gsw_strict_baseline_v2_repeated_30k_20260630\R3\self_Trackmobile_4650TM_Mobile_Railcar_Mover\train\ours_30000_train_conditioned\gt\00007.png,0.42581817507743835,0.26705071330070496,15.102967425272036,0.7591471076011658
R3,train_intrinsic,00008.png,G:\wl3dgs\3dgs_runs\gsw_strict_baseline_v2_repeated_30k_20260630\R3\self_Trackmobile_4650TM_Mobile_Railcar_Mover\train\ours_30000\renders_intrinsic\00008.png,G:\wl3dgs\3dgs_runs\gsw_strict_baseline_v2_repeated_30k_20260630\R3\self_Trackmobile_4650TM_Mobile_Railcar_Mover\train\ours_30000_train_conditioned\gt\00008.png,0.43309903144836426,0.2772922217845917,15.866154345702197,0.8158087730407715
R3,train_intrinsic,00009.png,G:\wl3dgs\3dgs_runs\gsw_strict_baseline_v2_repeated_30k_20260630\R3\self_Trackmobile_4650TM_Mobile_Railcar_Mover\train\ours_30000\renders_intrinsic\00009.png,G:\wl3dgs\3dgs_runs\gsw_strict_baseline_v2_repeated_30k_20260630\R3\self_Trackmobile_4650TM_Mobile_Railcar_Mover\train\ours_30000_train_conditioned\gt\00009.png,0.4505978226661682,0.27460241317749023,17.32610913248646,0.8668818473815918
R3,train_intrinsic,00010.png,G:\wl3dgs\3dgs_runs\gsw_strict_baseline_v2_repeated_30k_20260630\R3\self_Trackmobile_4650TM_Mobile_Railcar_Mover\train\ours_30000\renders_intrinsic\00010.png,G:\wl3dgs\3dgs_runs\gsw_strict_baseline_v2_repeated_30k_20260630\R3\self_Trackmobile_4650TM_Mobile_Railcar_Mover\train\ours_30000_train_conditioned\gt\00010.png,0.4311189353466034,0.26249444484710693,17.84841321303673,0.8781805038452148
R3,train_intrinsic,00011.png,G:\wl3dgs\3dgs_runs\gsw_strict_baseline_v2_repeated_30k_20260630\R3\self_Trackmobile_4650TM_Mobile_Railcar_Mover\train\ours_30000\renders_intrinsic\00011.png,G:\wl3dgs\3dgs_runs\gsw_strict_baseline_v2_repeated_30k_20260630\R3\self_Trackmobile_4650TM_Mobile_Railcar_Mover\train\ours_30000_train_conditioned\gt\00011.png,0.42861127853393555,0.26589804887771606,17.24607917716232,0.8662950396537781
R3,train_intrinsic,00012.png,G:\wl3dgs\3dgs_runs\gsw_strict_baseline_v2_repeated_30k_20260630\R3\self_Trackmobile_4650TM_Mobile_Railcar_Mover\train\ours_30000\renders_intrinsic\00012.png,G:\wl3dgs\3dgs_runs\gsw_strict_baseline_v2_repeated_30k_20260630\R3\self_Trackmobile_4650TM_Mobile_Railcar_Mover\train\ours_30000_train_conditioned\gt\00012.png,0.41146227717399597,0.27501481771469116,15.843892645866566,0.8377151489257812
